name,services
None,
Referral Letter (Monday's only),rec3RHchOMG2pw4Cr
Proof of Address,"recl1zxRCYePkojVB,recn7yX4u43hWXP0b,recFIEmo5IL3hqUMA,recz94iSaRtzk7mf3"
Photo ID,"recl1zxRCYePkojVB,rectA4bgq4KM1tpm4,rec5uv9eXeFTzWxKC,recWlfsg1FWyDT9zO,recP0wfmQPBksRnSZ,recehFjubnVFpkrJM,recvMyjZuzLpthO3d,recFIEmo5IL3hqUMA,recuyPH0F88BJBpJv,recz94iSaRtzk7mf3"
ID for all children in household,"recl1zxRCYePkojVB,recP0wfmQPBksRnSZ,recWlfsg1FWyDT9zO,reckN1bCfO8M5t8k4,recFIEmo5IL3hqUMA,recuyPH0F88BJBpJv"
Referral Letter,"recERweeCBVaT3Ngl,recJYNtgJ8ys910oc,recRrytLYblehq7vf,recfgPSxeNyCb2jQ7,recw0V7nYxr2vZmV7,recuyPH0F88BJBpJv,recP0wfmQPBksRnSZ,reczAUobfqDXzHeVv,recehFjubnVFpkrJM,recbMzQqyfyDNfYvk"
Proof of Address for all adults (18+),
Referral Letter from Grant Associates,
Referral Letter for professional clothing,
M11Q,recBo7GNseySE6NYM
Some form of ID,"reckN1bCfO8M5t8k4,recqaZdvCrWbihcZF,recIqVWDqZfokwENH,recTXTQn5SsKX0oWt,recn7yX4u43hWXP0b,recppEZlVglwLpaNI"
ID preferred but not immediately required,"recs9Wpz3snFfzVVO,rec5pfkntUYxCnKr4,rec6jtDhAUlUUcG0G,recUH86Og1lHstKl3,rec8RwvooIHDHZX76,recWceYnBVuDQPoJ3,recieacG6ODwFJMFZ"
Proof of Benefits,recTXTQn5SsKX0oWt
Photo ID preferred,rec4ZoIBhNleT3L2G
Proof of Address preferred,rec4ZoIBhNleT3L2G
Proofs not required but preferred,rec4ZoIBhNleT3L2G
Voucher,
Proof of access to cooking facilities,recFIEmo5IL3hqUMA